Validation_Set,Topics,Alpha,Beta,Coherence
75% Corpus,2,0.01,0.01,0.5617590247093084
75% Corpus,2,0.01,0.31,0.5507395186395497
75% Corpus,2,0.01,0.61,0.520802861816261
75% Corpus,2,0.01,0.9099999999999999,0.4270098440903012
75% Corpus,2,0.01,symmetric,0.5361604572596554
75% Corpus,2,0.31,0.01,0.5869590047668085
75% Corpus,2,0.31,0.31,0.5691703029543216
75% Corpus,2,0.31,0.61,0.5419470662233825
75% Corpus,2,0.31,0.9099999999999999,0.5512147234673638
75% Corpus,2,0.31,symmetric,0.5877307346301487
75% Corpus,2,0.61,0.01,0.5726280744710726
75% Corpus,2,0.61,0.31,0.5494726010658117
75% Corpus,2,0.61,0.61,0.5163779788615065
75% Corpus,2,0.61,0.9099999999999999,0.5489879459774245
75% Corpus,2,0.61,symmetric,0.5718683398326899
75% Corpus,2,0.9099999999999999,0.01,0.5668715792772463
75% Corpus,2,0.9099999999999999,0.31,0.5621876274328155
75% Corpus,2,0.9099999999999999,0.61,0.5296756860686209
75% Corpus,2,0.9099999999999999,0.9099999999999999,0.5012064531590172
75% Corpus,2,0.9099999999999999,symmetric,0.5588358726563343
75% Corpus,2,symmetric,0.01,0.5875761768368336
75% Corpus,2,symmetric,0.31,0.5484770458107129
75% Corpus,2,symmetric,0.61,0.5563508751217985
75% Corpus,2,symmetric,0.9099999999999999,0.4245197791748305
75% Corpus,2,symmetric,symmetric,0.5627514530833492
75% Corpus,2,asymmetric,0.01,0.5764239498489324
75% Corpus,2,asymmetric,0.31,0.5707040525405334
75% Corpus,2,asymmetric,0.61,0.5939968966722321
75% Corpus,2,asymmetric,0.9099999999999999,0.44805292556481824
75% Corpus,2,asymmetric,symmetric,0.5155561386093556
75% Corpus,3,0.01,0.01,0.5640256348518872
75% Corpus,3,0.01,0.31,0.566785885200131
75% Corpus,3,0.01,0.61,0.5227921659155967
75% Corpus,3,0.01,0.9099999999999999,0.4049889637920708
75% Corpus,3,0.01,symmetric,0.531946691721098
75% Corpus,3,0.31,0.01,0.5872851511330355
75% Corpus,3,0.31,0.31,0.5767262657994356
75% Corpus,3,0.31,0.61,0.5550064816912937
75% Corpus,3,0.31,0.9099999999999999,0.5377273704567547
75% Corpus,3,0.31,symmetric,0.5830726144054956
75% Corpus,3,0.61,0.01,0.566458550446621
75% Corpus,3,0.61,0.31,0.5479653056544352
75% Corpus,3,0.61,0.61,0.500896448781103
75% Corpus,3,0.61,0.9099999999999999,0.5775651055443622
75% Corpus,3,0.61,symmetric,0.559981462032313
75% Corpus,3,0.9099999999999999,0.01,0.557255896163347
75% Corpus,3,0.9099999999999999,0.31,0.562442895629279
75% Corpus,3,0.9099999999999999,0.61,0.5290429397878058
75% Corpus,3,0.9099999999999999,0.9099999999999999,0.4978368300644408
75% Corpus,3,0.9099999999999999,symmetric,0.5599345844104485
75% Corpus,3,symmetric,0.01,0.5774873282128552
75% Corpus,3,symmetric,0.31,0.5486755319692782
75% Corpus,3,symmetric,0.61,0.5437888517428854
75% Corpus,3,symmetric,0.9099999999999999,0.46569275980013325
75% Corpus,3,symmetric,symmetric,0.5495336394524866
75% Corpus,3,asymmetric,0.01,0.5706265475167114
75% Corpus,3,asymmetric,0.31,0.5638491202072115
75% Corpus,3,asymmetric,0.61,0.5850886089392506
75% Corpus,3,asymmetric,0.9099999999999999,0.43598939564433675
75% Corpus,3,asymmetric,symmetric,0.5203436769235029
75% Corpus,4,0.01,0.01,0.5766974098635511
75% Corpus,4,0.01,0.31,0.5583334430312701
75% Corpus,4,0.01,0.61,0.5126718763671123
75% Corpus,4,0.01,0.9099999999999999,0.4032227424815004
75% Corpus,4,0.01,symmetric,0.5446534894457183
75% Corpus,4,0.31,0.01,0.580214905575732
75% Corpus,4,0.31,0.31,0.5711395311898235
75% Corpus,4,0.31,0.61,0.5446877646583947
75% Corpus,4,0.31,0.9099999999999999,0.5390049179228356
75% Corpus,4,0.31,symmetric,0.5801709081769053
75% Corpus,4,0.61,0.01,0.5710318392115183
75% Corpus,4,0.61,0.31,0.545758416166348
75% Corpus,4,0.61,0.61,0.49133187675468504
75% Corpus,4,0.61,0.9099999999999999,0.5701046852577701
75% Corpus,4,0.61,symmetric,0.559817868591231
75% Corpus,4,0.9099999999999999,0.01,0.5647379034413366
75% Corpus,4,0.9099999999999999,0.31,0.5611542618186507
75% Corpus,4,0.9099999999999999,0.61,0.5333544650944252
75% Corpus,4,0.9099999999999999,0.9099999999999999,0.5026606022964146
75% Corpus,4,0.9099999999999999,symmetric,0.5567142984361648
75% Corpus,4,symmetric,0.01,0.5763281120062083
75% Corpus,4,symmetric,0.31,0.5443180087640386
75% Corpus,4,symmetric,0.61,0.5221627860406085
75% Corpus,4,symmetric,0.9099999999999999,0.43657427779764274
75% Corpus,4,symmetric,symmetric,0.5555855779826183
75% Corpus,4,asymmetric,0.01,0.5837740055778963
75% Corpus,4,asymmetric,0.31,0.5433508213040692
75% Corpus,4,asymmetric,0.61,0.5928160943294012
75% Corpus,4,asymmetric,0.9099999999999999,0.4372848687093739
75% Corpus,4,asymmetric,symmetric,0.4999402717342857
75% Corpus,5,0.01,0.01,0.5589743569833716
75% Corpus,5,0.01,0.31,0.5637799927595392
75% Corpus,5,0.01,0.61,0.505095824509733
75% Corpus,5,0.01,0.9099999999999999,0.40983248152569474
75% Corpus,5,0.01,symmetric,0.5436061316225468
75% Corpus,5,0.31,0.01,0.5881145519552321
75% Corpus,5,0.31,0.31,0.57325413370531
75% Corpus,5,0.31,0.61,0.5542046784515657
75% Corpus,5,0.31,0.9099999999999999,0.5417953459979158
75% Corpus,5,0.31,symmetric,0.5815283992463767
75% Corpus,5,0.61,0.01,0.570715325430128
75% Corpus,5,0.61,0.31,0.5470528477566596
75% Corpus,5,0.61,0.61,0.4993818852593693
75% Corpus,5,0.61,0.9099999999999999,0.540545210077609
75% Corpus,5,0.61,symmetric,0.5376760929486999
75% Corpus,5,0.9099999999999999,0.01,0.5694216907220391
75% Corpus,5,0.9099999999999999,0.31,0.5673731214408011
75% Corpus,5,0.9099999999999999,0.61,0.5103645222511922
75% Corpus,5,0.9099999999999999,0.9099999999999999,0.49553085076717807
75% Corpus,5,0.9099999999999999,symmetric,0.5585764766895418
75% Corpus,5,symmetric,0.01,0.5737430012191191
75% Corpus,5,symmetric,0.31,0.5477911265586172
75% Corpus,5,symmetric,0.61,0.5294855006064066
75% Corpus,5,symmetric,0.9099999999999999,0.45304176789504946
75% Corpus,5,symmetric,symmetric,0.560656859574074
75% Corpus,5,asymmetric,0.01,0.582988397566705
75% Corpus,5,asymmetric,0.31,0.5614366258480191
75% Corpus,5,asymmetric,0.61,0.5833825409420232
75% Corpus,5,asymmetric,0.9099999999999999,0.42792932479333246
75% Corpus,5,asymmetric,symmetric,0.5214489191706588
75% Corpus,6,0.01,0.01,0.565264161775529
75% Corpus,6,0.01,0.31,0.544618425654304
75% Corpus,6,0.01,0.61,0.5166481217675665
75% Corpus,6,0.01,0.9099999999999999,0.43277860077928887
75% Corpus,6,0.01,symmetric,0.5436425065275815
75% Corpus,6,0.31,0.01,0.5895659693615496
75% Corpus,6,0.31,0.31,0.5683907606189098
75% Corpus,6,0.31,0.61,0.5345065534206377
75% Corpus,6,0.31,0.9099999999999999,0.5453217501544804
75% Corpus,6,0.31,symmetric,0.5792778050434308
75% Corpus,6,0.61,0.01,0.5739887286797961
75% Corpus,6,0.61,0.31,0.5462979515063349
75% Corpus,6,0.61,0.61,0.5088175852479162
75% Corpus,6,0.61,0.9099999999999999,0.5523575290898635
75% Corpus,6,0.61,symmetric,0.5662107462233262
75% Corpus,6,0.9099999999999999,0.01,0.5668178439810834
75% Corpus,6,0.9099999999999999,0.31,0.5456725883691637
75% Corpus,6,0.9099999999999999,0.61,0.5106809124522309
75% Corpus,6,0.9099999999999999,0.9099999999999999,0.5052818095750329
75% Corpus,6,0.9099999999999999,symmetric,0.567540654822288
75% Corpus,6,symmetric,0.01,0.5855652776436128
75% Corpus,6,symmetric,0.31,0.5420907012533767
75% Corpus,6,symmetric,0.61,0.5527943042447804
75% Corpus,6,symmetric,0.9099999999999999,0.43838028914480587
75% Corpus,6,symmetric,symmetric,0.5616588996176781
75% Corpus,6,asymmetric,0.01,0.5777217093940412
75% Corpus,6,asymmetric,0.31,0.583356983682176
75% Corpus,6,asymmetric,0.61,0.5760440672133669
75% Corpus,6,asymmetric,0.9099999999999999,0.45566769601457724
75% Corpus,6,asymmetric,symmetric,0.5072094376801037
75% Corpus,7,0.01,0.01,0.5653002691865356
75% Corpus,7,0.01,0.31,0.5777053281127598
75% Corpus,7,0.01,0.61,0.529975634220187
75% Corpus,7,0.01,0.9099999999999999,0.42134207416505093
75% Corpus,7,0.01,symmetric,0.5488096506390504
75% Corpus,7,0.31,0.01,0.5918166910013183
75% Corpus,7,0.31,0.31,0.5504164996937434
75% Corpus,7,0.31,0.61,0.5485652200736368
75% Corpus,7,0.31,0.9099999999999999,0.5457565247223108
75% Corpus,7,0.31,symmetric,0.5830270516146494
75% Corpus,7,0.61,0.01,0.5658111641746307
75% Corpus,7,0.61,0.31,0.5662365448474447
75% Corpus,7,0.61,0.61,0.4781983148905214
75% Corpus,7,0.61,0.9099999999999999,0.5776108171754785
75% Corpus,7,0.61,symmetric,0.56415340029381
75% Corpus,7,0.9099999999999999,0.01,0.5620347644425829
75% Corpus,7,0.9099999999999999,0.31,0.5678420370778398
75% Corpus,7,0.9099999999999999,0.61,0.52249322263178
75% Corpus,7,0.9099999999999999,0.9099999999999999,0.5025740399494143
75% Corpus,7,0.9099999999999999,symmetric,0.5588012372128807
75% Corpus,7,symmetric,0.01,0.5774777083255735
75% Corpus,7,symmetric,0.31,0.5458244182930886
75% Corpus,7,symmetric,0.61,0.5301322248427585
75% Corpus,7,symmetric,0.9099999999999999,0.44114686934839104
75% Corpus,7,symmetric,symmetric,0.5520600379008556
75% Corpus,7,asymmetric,0.01,0.5801008459299476
75% Corpus,7,asymmetric,0.31,0.558588423496434
75% Corpus,7,asymmetric,0.61,0.5927446652444668
75% Corpus,7,asymmetric,0.9099999999999999,0.42741676622417923
75% Corpus,7,asymmetric,symmetric,0.5102382457261696
75% Corpus,8,0.01,0.01,0.5671390347370091
75% Corpus,8,0.01,0.31,0.5672804264050891
75% Corpus,8,0.01,0.61,0.5087222653661237
75% Corpus,8,0.01,0.9099999999999999,0.43451320734826915
75% Corpus,8,0.01,symmetric,0.5446395431566662
75% Corpus,8,0.31,0.01,0.5883366324524408
75% Corpus,8,0.31,0.31,0.5687913141646771
75% Corpus,8,0.31,0.61,0.5400877481967521
75% Corpus,8,0.31,0.9099999999999999,0.5509722045087578
75% Corpus,8,0.31,symmetric,0.5914371291031623
75% Corpus,8,0.61,0.01,0.5689030294433928
75% Corpus,8,0.61,0.31,0.5825400252576209
75% Corpus,8,0.61,0.61,0.47587779647213874
75% Corpus,8,0.61,0.9099999999999999,0.5323302768196772
75% Corpus,8,0.61,symmetric,0.5625276133172548
75% Corpus,8,0.9099999999999999,0.01,0.5651076809082942
75% Corpus,8,0.9099999999999999,0.31,0.5641270914640382
75% Corpus,8,0.9099999999999999,0.61,0.5290210382948739
75% Corpus,8,0.9099999999999999,0.9099999999999999,0.49629923258221176
75% Corpus,8,0.9099999999999999,symmetric,0.5542347537342414
75% Corpus,8,symmetric,0.01,0.5868810169065308
75% Corpus,8,symmetric,0.31,0.5788021894067314
75% Corpus,8,symmetric,0.61,0.529231670050397
75% Corpus,8,symmetric,0.9099999999999999,0.4387266939686418
75% Corpus,8,symmetric,symmetric,0.5639424120651212
75% Corpus,8,asymmetric,0.01,0.5746873309499586
75% Corpus,8,asymmetric,0.31,0.5555682805719322
75% Corpus,8,asymmetric,0.61,0.5950401982296096
75% Corpus,8,asymmetric,0.9099999999999999,0.4455499832603286
75% Corpus,8,asymmetric,symmetric,0.5147290145192078
75% Corpus,9,0.01,0.01,0.5556536669844279
75% Corpus,9,0.01,0.31,0.5504649993685783
75% Corpus,9,0.01,0.61,0.5066150840101453
75% Corpus,9,0.01,0.9099999999999999,0.43268807941926013
75% Corpus,9,0.01,symmetric,0.5338406649809035
75% Corpus,9,0.31,0.01,0.5883565489510181
75% Corpus,9,0.31,0.31,0.5652400080816886
75% Corpus,9,0.31,0.61,0.552289911471091
75% Corpus,9,0.31,0.9099999999999999,0.5460199029330576
75% Corpus,9,0.31,symmetric,0.5864681507787722
75% Corpus,9,0.61,0.01,0.5566002544895603
75% Corpus,9,0.61,0.31,0.5551636143841712
75% Corpus,9,0.61,0.61,0.48966231951069306
75% Corpus,9,0.61,0.9099999999999999,0.5547496847287063
75% Corpus,9,0.61,symmetric,0.547412817891592
75% Corpus,9,0.9099999999999999,0.01,0.5606456578072707
75% Corpus,9,0.9099999999999999,0.31,0.5643434089144348
75% Corpus,9,0.9099999999999999,0.61,0.5325987630899501
75% Corpus,9,0.9099999999999999,0.9099999999999999,0.4880101477047269
75% Corpus,9,0.9099999999999999,symmetric,0.5581846687237408
75% Corpus,9,symmetric,0.01,0.5851228200014282
75% Corpus,9,symmetric,0.31,0.5626157044331211
75% Corpus,9,symmetric,0.61,0.5343487159569349
75% Corpus,9,symmetric,0.9099999999999999,0.4007810037424512
75% Corpus,9,symmetric,symmetric,0.541499616201779
75% Corpus,9,asymmetric,0.01,0.5813688734243194
75% Corpus,9,asymmetric,0.31,0.5517668689755496
75% Corpus,9,asymmetric,0.61,0.5960234469799113
75% Corpus,9,asymmetric,0.9099999999999999,0.426263430715375
75% Corpus,9,asymmetric,symmetric,0.5225213461602272
75% Corpus,10,0.01,0.01,0.5726082645683109
75% Corpus,10,0.01,0.31,0.5461019309756141
75% Corpus,10,0.01,0.61,0.5103953460421515
75% Corpus,10,0.01,0.9099999999999999,0.43040652498180865
75% Corpus,10,0.01,symmetric,0.53435143971609
75% Corpus,10,0.31,0.01,0.5880425188894187
75% Corpus,10,0.31,0.31,0.564078599080754
75% Corpus,10,0.31,0.61,0.5362988331104428
75% Corpus,10,0.31,0.9099999999999999,0.5521805075427263
75% Corpus,10,0.31,symmetric,0.5797506894961573
75% Corpus,10,0.61,0.01,0.5729435458584501
75% Corpus,10,0.61,0.31,0.5680401698089977
75% Corpus,10,0.61,0.61,0.5104981080710351
75% Corpus,10,0.61,0.9099999999999999,0.5597742204600705
75% Corpus,10,0.61,symmetric,0.5612377008002658
75% Corpus,10,0.9099999999999999,0.01,0.5611955870657857
75% Corpus,10,0.9099999999999999,0.31,0.5495539770193634
75% Corpus,10,0.9099999999999999,0.61,0.521846823427972
75% Corpus,10,0.9099999999999999,0.9099999999999999,0.5012341779988233
75% Corpus,10,0.9099999999999999,symmetric,0.5522416639841892
75% Corpus,10,symmetric,0.01,0.564931400867979
75% Corpus,10,symmetric,0.31,0.5218367808657199
75% Corpus,10,symmetric,0.61,0.5391189851948404
75% Corpus,10,symmetric,0.9099999999999999,0.47363042169937214
75% Corpus,10,symmetric,symmetric,0.5471131202158337
75% Corpus,10,asymmetric,0.01,0.5762686226399593
75% Corpus,10,asymmetric,0.31,0.546962009102606
75% Corpus,10,asymmetric,0.61,0.5792933375818148
75% Corpus,10,asymmetric,0.9099999999999999,0.444455850086514
75% Corpus,10,asymmetric,symmetric,0.5260397827784009
100% Corpus,2,0.01,0.01,0.5852694845167767
100% Corpus,2,0.01,0.31,0.5530363225445651
100% Corpus,2,0.01,0.61,0.5343529883100514
100% Corpus,2,0.01,0.9099999999999999,0.464875563765908
100% Corpus,2,0.01,symmetric,0.5743802712375844
100% Corpus,2,0.31,0.01,0.5890960821434221
100% Corpus,2,0.31,0.31,0.5798278378023004
100% Corpus,2,0.31,0.61,0.5552008104467501
100% Corpus,2,0.31,0.9099999999999999,0.54842116970074
100% Corpus,2,0.31,symmetric,0.5727667293877217
100% Corpus,2,0.61,0.01,0.5851116041485958
100% Corpus,2,0.61,0.31,0.5684640546104541
100% Corpus,2,0.61,0.61,0.5654134961645034
100% Corpus,2,0.61,0.9099999999999999,0.4892169126226492
100% Corpus,2,0.61,symmetric,0.5892921490663637
100% Corpus,2,0.9099999999999999,0.01,0.5826093432530464
100% Corpus,2,0.9099999999999999,0.31,0.5679674926718102
100% Corpus,2,0.9099999999999999,0.61,0.5507814372571098
100% Corpus,2,0.9099999999999999,0.9099999999999999,0.5307997811266509
100% Corpus,2,0.9099999999999999,symmetric,0.5844390423734767
100% Corpus,2,symmetric,0.01,0.5950236761285124
100% Corpus,2,symmetric,0.31,0.5484059580757169
100% Corpus,2,symmetric,0.61,0.5227143966471941
100% Corpus,2,symmetric,0.9099999999999999,0.4755403134652779
100% Corpus,2,symmetric,symmetric,0.576406792809786
100% Corpus,2,asymmetric,0.01,0.5867562843279047
100% Corpus,2,asymmetric,0.31,0.5423165011471135
100% Corpus,2,asymmetric,0.61,0.535326914266598
100% Corpus,2,asymmetric,0.9099999999999999,0.5492181708101238
100% Corpus,2,asymmetric,symmetric,0.5847660496982998
100% Corpus,3,0.01,0.01,0.5756438542913738
100% Corpus,3,0.01,0.31,0.5524780833723786
100% Corpus,3,0.01,0.61,0.5215659061625173
100% Corpus,3,0.01,0.9099999999999999,0.4585775505493552
100% Corpus,3,0.01,symmetric,0.5848812754365235
100% Corpus,3,0.31,0.01,0.5839648147819833
100% Corpus,3,0.31,0.31,0.5890911380675024
100% Corpus,3,0.31,0.61,0.5577677119579165
100% Corpus,3,0.31,0.9099999999999999,0.5348632527158319
100% Corpus,3,0.31,symmetric,0.5847274045895648
100% Corpus,3,0.61,0.01,0.582986767601177
100% Corpus,3,0.61,0.31,0.5658713417546838
100% Corpus,3,0.61,0.61,0.5565769357468191
100% Corpus,3,0.61,0.9099999999999999,0.4831399617171245
100% Corpus,3,0.61,symmetric,0.5674388543065287
100% Corpus,3,0.9099999999999999,0.01,0.5815895824689834
100% Corpus,3,0.9099999999999999,0.31,0.5813128078923118
100% Corpus,3,0.9099999999999999,0.61,0.5642517491468093
100% Corpus,3,0.9099999999999999,0.9099999999999999,0.5223458584954251
100% Corpus,3,0.9099999999999999,symmetric,0.5781797980479509
100% Corpus,3,symmetric,0.01,0.5872383617418053
100% Corpus,3,symmetric,0.31,0.5463184815619697
100% Corpus,3,symmetric,0.61,0.5229865211975088
100% Corpus,3,symmetric,0.9099999999999999,0.4735214302561226
100% Corpus,3,symmetric,symmetric,0.5775952511830048
100% Corpus,3,asymmetric,0.01,0.5916913326205987
100% Corpus,3,asymmetric,0.31,0.5702925630048316
100% Corpus,3,asymmetric,0.61,0.5598701913467672
100% Corpus,3,asymmetric,0.9099999999999999,0.5424714525063061
100% Corpus,3,asymmetric,symmetric,0.589528097838687
100% Corpus,4,0.01,0.01,0.59033258902903
100% Corpus,4,0.01,0.31,0.5576436349936725
100% Corpus,4,0.01,0.61,0.5281949866255553
100% Corpus,4,0.01,0.9099999999999999,0.478802125082549
100% Corpus,4,0.01,symmetric,0.5759540855662579
100% Corpus,4,0.31,0.01,0.5825036940481717
100% Corpus,4,0.31,0.31,0.5908320138607416
100% Corpus,4,0.31,0.61,0.5631512355582713
100% Corpus,4,0.31,0.9099999999999999,0.552923194647349
100% Corpus,4,0.31,symmetric,0.5911821826092425
100% Corpus,4,0.61,0.01,0.586372027903334
100% Corpus,4,0.61,0.31,0.5578376012416262
100% Corpus,4,0.61,0.61,0.5633254169210481
100% Corpus,4,0.61,0.9099999999999999,0.5139631742197339
100% Corpus,4,0.61,symmetric,0.5814848380606712
100% Corpus,4,0.9099999999999999,0.01,0.5784645956131769
100% Corpus,4,0.9099999999999999,0.31,0.5740219041522683
100% Corpus,4,0.9099999999999999,0.61,0.5704014023640818
100% Corpus,4,0.9099999999999999,0.9099999999999999,0.5283643287683724
100% Corpus,4,0.9099999999999999,symmetric,0.582128700588223
100% Corpus,4,symmetric,0.01,0.5872034689442158
100% Corpus,4,symmetric,0.31,0.549079786784265
100% Corpus,4,symmetric,0.61,0.5434602831767253
100% Corpus,4,symmetric,0.9099999999999999,0.4505871187900784
100% Corpus,4,symmetric,symmetric,0.5894014274320901
100% Corpus,4,asymmetric,0.01,0.5985346958620947
100% Corpus,4,asymmetric,0.31,0.5018642855400375
100% Corpus,4,asymmetric,0.61,0.5639836959574419
100% Corpus,4,asymmetric,0.9099999999999999,0.5118603352551359
100% Corpus,4,asymmetric,symmetric,0.6076061864020422
100% Corpus,5,0.01,0.01,0.5789601250583296
100% Corpus,5,0.01,0.31,0.5483290994445714
100% Corpus,5,0.01,0.61,0.5241237228108695
100% Corpus,5,0.01,0.9099999999999999,0.4709948517206297
100% Corpus,5,0.01,symmetric,0.5833415124350585
100% Corpus,5,0.31,0.01,0.5963705765982893
100% Corpus,5,0.31,0.31,0.588146485549346
100% Corpus,5,0.31,0.61,0.5777466450138418
100% Corpus,5,0.31,0.9099999999999999,0.5460983108004461
100% Corpus,5,0.31,symmetric,0.5878691624105951
100% Corpus,5,0.61,0.01,0.5824693842936441
100% Corpus,5,0.61,0.31,0.5670916992041702
100% Corpus,5,0.61,0.61,0.5627580728076303
100% Corpus,5,0.61,0.9099999999999999,0.4821971843928014
100% Corpus,5,0.61,symmetric,0.5724586212078988
100% Corpus,5,0.9099999999999999,0.01,0.5801651856191375
100% Corpus,5,0.9099999999999999,0.31,0.5862994365362132
100% Corpus,5,0.9099999999999999,0.61,0.5601393316638309
100% Corpus,5,0.9099999999999999,0.9099999999999999,0.516184263861017
100% Corpus,5,0.9099999999999999,symmetric,0.5768749077379101
100% Corpus,5,symmetric,0.01,0.5898345827837814
100% Corpus,5,symmetric,0.31,0.5469537448640441
100% Corpus,5,symmetric,0.61,0.5037611444002248
100% Corpus,5,symmetric,0.9099999999999999,0.48134255741619103
100% Corpus,5,symmetric,symmetric,0.5886734410641279
100% Corpus,5,asymmetric,0.01,0.5978112939220515
100% Corpus,5,asymmetric,0.31,0.4999287025116768
100% Corpus,5,asymmetric,0.61,0.5382953783933696
100% Corpus,5,asymmetric,0.9099999999999999,0.5003578991404856
100% Corpus,5,asymmetric,symmetric,0.5960280941112731
100% Corpus,6,0.01,0.01,0.591378030300423
100% Corpus,6,0.01,0.31,0.5503622598067356
100% Corpus,6,0.01,0.61,0.506932508462977
100% Corpus,6,0.01,0.9099999999999999,0.4725083712328225
100% Corpus,6,0.01,symmetric,0.5838624336534652
100% Corpus,6,0.31,0.01,0.5848634446745433
100% Corpus,6,0.31,0.31,0.5941278557444345
100% Corpus,6,0.31,0.61,0.5760086098919012
100% Corpus,6,0.31,0.9099999999999999,0.544465694231102
100% Corpus,6,0.31,symmetric,0.5853086994697275
100% Corpus,6,0.61,0.01,0.5680071875078923
100% Corpus,6,0.61,0.31,0.5815011530298668
100% Corpus,6,0.61,0.61,0.5585794341202561
100% Corpus,6,0.61,0.9099999999999999,0.47562101555723535
100% Corpus,6,0.61,symmetric,0.5825056090020251
100% Corpus,6,0.9099999999999999,0.01,0.5751889807148074
100% Corpus,6,0.9099999999999999,0.31,0.5847960787201385
100% Corpus,6,0.9099999999999999,0.61,0.5522689727211193
100% Corpus,6,0.9099999999999999,0.9099999999999999,0.5289368483490023
100% Corpus,6,0.9099999999999999,symmetric,0.5782651481758395
100% Corpus,6,symmetric,0.01,0.583664682358429
100% Corpus,6,symmetric,0.31,0.5429216194663986
100% Corpus,6,symmetric,0.61,0.5291987461392003
100% Corpus,6,symmetric,0.9099999999999999,0.5068118428087319
100% Corpus,6,symmetric,symmetric,0.5881982435597526
100% Corpus,6,asymmetric,0.01,0.5934904696798154
100% Corpus,6,asymmetric,0.31,0.5127991353057636
100% Corpus,6,asymmetric,0.61,0.5700505087900187
100% Corpus,6,asymmetric,0.9099999999999999,0.5282640777900831
100% Corpus,6,asymmetric,symmetric,0.5484992294910855
100% Corpus,7,0.01,0.01,0.5816077889693775
100% Corpus,7,0.01,0.31,0.5565978896140287
100% Corpus,7,0.01,0.61,0.5273533559315894
100% Corpus,7,0.01,0.9099999999999999,0.46605891779319464
100% Corpus,7,0.01,symmetric,0.5792246475254932
100% Corpus,7,0.31,0.01,0.5926074536248336
100% Corpus,7,0.31,0.31,0.5849431338593954
100% Corpus,7,0.31,0.61,0.5634890393640706
100% Corpus,7,0.31,0.9099999999999999,0.5481077283737739
100% Corpus,7,0.31,symmetric,0.5878646256641603
100% Corpus,7,0.61,0.01,0.5734294111736141
100% Corpus,7,0.61,0.31,0.5686564384050726
100% Corpus,7,0.61,0.61,0.5579598742358103
100% Corpus,7,0.61,0.9099999999999999,0.47654655403232055
100% Corpus,7,0.61,symmetric,0.586172069231181
100% Corpus,7,0.9099999999999999,0.01,0.582939675621595
100% Corpus,7,0.9099999999999999,0.31,0.5801352855563442
100% Corpus,7,0.9099999999999999,0.61,0.5617222869344416
100% Corpus,7,0.9099999999999999,0.9099999999999999,0.5276717713815878
100% Corpus,7,0.9099999999999999,symmetric,0.5836146775767238
100% Corpus,7,symmetric,0.01,0.5812477702056692
100% Corpus,7,symmetric,0.31,0.5580315727036788
100% Corpus,7,symmetric,0.61,0.5307821742692538
100% Corpus,7,symmetric,0.9099999999999999,0.48364948123363954
100% Corpus,7,symmetric,symmetric,0.5797785495648402
100% Corpus,7,asymmetric,0.01,0.5952847298651788
100% Corpus,7,asymmetric,0.31,0.5695288152771109
100% Corpus,7,asymmetric,0.61,0.5420153779970432
100% Corpus,7,asymmetric,0.9099999999999999,0.5326083536026196
100% Corpus,7,asymmetric,symmetric,0.599997880765003
100% Corpus,8,0.01,0.01,0.5838556811657782
100% Corpus,8,0.01,0.31,0.5517198100270438
100% Corpus,8,0.01,0.61,0.5270243862861318
100% Corpus,8,0.01,0.9099999999999999,0.4621836640083715
100% Corpus,8,0.01,symmetric,0.5858172945118143
100% Corpus,8,0.31,0.01,0.586835094222234
100% Corpus,8,0.31,0.31,0.5862904454297191
100% Corpus,8,0.31,0.61,0.5808412591895488
100% Corpus,8,0.31,0.9099999999999999,0.5291230790948938
100% Corpus,8,0.31,symmetric,0.5893403048247402
100% Corpus,8,0.61,0.01,0.5840998408622503
100% Corpus,8,0.61,0.31,0.5534708123352725
100% Corpus,8,0.61,0.61,0.5594775925154256
100% Corpus,8,0.61,0.9099999999999999,0.47427310510831144
100% Corpus,8,0.61,symmetric,0.5504527807414658
100% Corpus,8,0.9099999999999999,0.01,0.5708458002140422
100% Corpus,8,0.9099999999999999,0.31,0.5880349069645835
100% Corpus,8,0.9099999999999999,0.61,0.5582936846146853
100% Corpus,8,0.9099999999999999,0.9099999999999999,0.5280561147569541
100% Corpus,8,0.9099999999999999,symmetric,0.5793991859527978
100% Corpus,8,symmetric,0.01,0.5854881484369402
100% Corpus,8,symmetric,0.31,0.5474756713947359
100% Corpus,8,symmetric,0.61,0.5172649245424561
100% Corpus,8,symmetric,0.9099999999999999,0.4699719786980873
100% Corpus,8,symmetric,symmetric,0.5839021687046052
100% Corpus,8,asymmetric,0.01,0.5849733587223358
100% Corpus,8,asymmetric,0.31,0.49708700380638077
100% Corpus,8,asymmetric,0.61,0.566504094838516
100% Corpus,8,asymmetric,0.9099999999999999,0.46816732354560403
100% Corpus,8,asymmetric,symmetric,0.5817036433988154
100% Corpus,9,0.01,0.01,0.5885142391867471
100% Corpus,9,0.01,0.31,0.5526035097771335
100% Corpus,9,0.01,0.61,0.5103885838126053
100% Corpus,9,0.01,0.9099999999999999,0.4724403422096756
100% Corpus,9,0.01,symmetric,0.5836938159227265
100% Corpus,9,0.31,0.01,0.5809723897784766
100% Corpus,9,0.31,0.31,0.595739635248137
100% Corpus,9,0.31,0.61,0.5703406867996014
100% Corpus,9,0.31,0.9099999999999999,0.5462119261269912
100% Corpus,9,0.31,symmetric,0.5921441947497291
100% Corpus,9,0.61,0.01,0.5864119127796766
100% Corpus,9,0.61,0.31,0.572500844660276
100% Corpus,9,0.61,0.61,0.5544204525580866
100% Corpus,9,0.61,0.9099999999999999,0.5172927542037973
100% Corpus,9,0.61,symmetric,0.5891123867206184
100% Corpus,9,0.9099999999999999,0.01,0.5822176941200502
100% Corpus,9,0.9099999999999999,0.31,0.5858140477804322
100% Corpus,9,0.9099999999999999,0.61,0.5615013706534031
100% Corpus,9,0.9099999999999999,0.9099999999999999,0.532162012736992
100% Corpus,9,0.9099999999999999,symmetric,0.5833855164874862
100% Corpus,9,symmetric,0.01,0.5844059802833549
100% Corpus,9,symmetric,0.31,0.5438214068375294
100% Corpus,9,symmetric,0.61,0.5147634643742767
100% Corpus,9,symmetric,0.9099999999999999,0.47501140159860017
100% Corpus,9,symmetric,symmetric,0.5823597079718154
100% Corpus,9,asymmetric,0.01,0.5859003916040612
100% Corpus,9,asymmetric,0.31,0.5520299691954765
100% Corpus,9,asymmetric,0.61,0.5748316335135202
100% Corpus,9,asymmetric,0.9099999999999999,0.5072910062670152
100% Corpus,9,asymmetric,symmetric,0.5892441620362693
100% Corpus,10,0.01,0.01,0.5891079979055016
100% Corpus,10,0.01,0.31,0.5617233033933993
100% Corpus,10,0.01,0.61,0.5321362649879309
100% Corpus,10,0.01,0.9099999999999999,0.4636446211529174
100% Corpus,10,0.01,symmetric,0.5835890769678038
100% Corpus,10,0.31,0.01,0.5861020082128662
100% Corpus,10,0.31,0.31,0.5907683640987931
100% Corpus,10,0.31,0.61,0.5734249356975423
100% Corpus,10,0.31,0.9099999999999999,0.5345362758041123
100% Corpus,10,0.31,symmetric,0.588522649263153
100% Corpus,10,0.61,0.01,0.5868074032944381
100% Corpus,10,0.61,0.31,0.5582572950283508
100% Corpus,10,0.61,0.61,0.5674376647471504
100% Corpus,10,0.61,0.9099999999999999,0.47819251637903415
100% Corpus,10,0.61,symmetric,0.5800813802215473
100% Corpus,10,0.9099999999999999,0.01,0.5831447577577568
100% Corpus,10,0.9099999999999999,0.31,0.579205284790885
100% Corpus,10,0.9099999999999999,0.61,0.5607208547301064
100% Corpus,10,0.9099999999999999,0.9099999999999999,0.5060146783671728
100% Corpus,10,0.9099999999999999,symmetric,0.580074823076351
100% Corpus,10,symmetric,0.01,0.5869460753952511
100% Corpus,10,symmetric,0.31,0.539268333764968
100% Corpus,10,symmetric,0.61,0.5318266155535991
100% Corpus,10,symmetric,0.9099999999999999,0.4860188684863084
100% Corpus,10,symmetric,symmetric,0.5908155513143333
100% Corpus,10,asymmetric,0.01,0.5859765082980695
100% Corpus,10,asymmetric,0.31,0.5181349395034935
100% Corpus,10,asymmetric,0.61,0.5458940037960727
100% Corpus,10,asymmetric,0.9099999999999999,0.5130772720427824
100% Corpus,10,asymmetric,symmetric,0.5543465867335723
